Workbook

Sheet Настройки (Коэффициенты)
A1: ГЛОБАЛЬНАЯ БАЗА (1x) = | D1: 0.002 | E1: 💎 Пульсов
A3: 📝 ТЕКСТ И ОБЩЕНИЕ | B3: Коэф. (x) | E3: 📷 МЕДИА И ВЛОЖЕНИЯ | F3: Коэф. (x) | I3: 🤝 СОЦИУМ И РЕАКЦИИ | J3: Коэф. (x)
A4: 🔹 БАЗА | E4: 🔹 БАЗА | I4: 🔹 БАЗА
A5: Текст (сообщение) | B5: 1 | E5: Фото(+) | F5: 6 | I5: Ответ (ты ответил) | J5: 1
A6: Эмодзи (без текста) | B6: 1 | E6: Фото (2+ в спец. ветке)(+) | F6: 2 | I6: Ответ (тебе ответили) | J6: 1
E7: Видео обычное(+) | F7: 5 | I7: Лайк (ты поставил)(+) | J7: 1
A8: 🔥 КОМБО | E8: Видео кружок ( не считывается ) | F8: 7 | I8: Лайк (тебе поставили) | J8: 2
A9: Писатель (> 50 симв) | B9: 20 | E9: Аудио / Ссылка ( не определяется )/(+) | F9: 2
E10: Голосовое (Voice)( +) | F10: 3 | I10: 🔥 КОМБО
A11: 🚀 СПРИНТЫ | E11: GIF-анимация(+) | F11: 1 | I11: Острый язычок (>2 репостов) | J11: 6
A12: Основа чата (10 сообщ) | B12: 50 | C12: 24 Ч | I12: Вирусный пост (>2 лайков)(+) | J12: 3
A13: Эмоциональный (10 эмодзи) | B13: 20 | C13: 24 Ч | E13: 🔥 КОМБО | I13: Хит (4 лайка)(+) | J13: 10
E14: Иллюстратор (Текст+Фото) | F14: 40 | I14: Легенда (6+ лайков)(+) | J14: 20
A15: ⛔ ШТРАФЫ | E15: Рецензент (Видео+Текст) | F15: 40
A16: Копипаст | B16: -50 | E16: Диджей (Плейлист) | F16: 30 | I16: 🚀 СПРИНТЫ
H17: 1Ч | I17: Болтун (20 твоих ответов) | J17: 40
E18: 🚀 СПРИНТЫ | H18: 12Ч | I18: Центр (20 ответов тебе) | J18: 50
D19: 24Ч | E19: Фотограф (3+ фото) | F19: 40 | H19: 1Ч | I19: Щедрая душа (5 лайков)(+) | J19: 20
D20: 24Ч | E20: Режиссер (2 видео) | F20: 140 | H20: 1Ч | I20: Любимчик (10 лайков тебе) | J20: 40
D21: 12Ч | E21: Лицом торгуешь (5 кружков) | F21: 60
D22: 24Ч | E22: Меломан (5 треков) | F22: 120 | I22: ⛔ ШТРАФЫ
D23: 1Ч | E23: Радио (4 войса) | F23: 20 | I23: Не в ту дверь (Нарушение) | J23: -50
D24: 1Ч | E24: Гифошная (10 гиф) | F24: 30 | I24: Удаление (Токсик) | J24: -100

Sheet Симулятор пользователя
A1: ИТОГО ЗА ДЕНЬ: | C1: =SUM(N3:N5) -> 12.382
E2: user: Rich | M2: Сектор | N2: Заработано
M3: Текст | N3: =SUM(C6,C7,C10,C13,C14,C17) -> 2.11
A4: 📝 ТЕКСТ И ОБЩЕНИЕ | B4: Кол-во | C4: 💎 Итого | E4: 📷 МЕДИА И ВЛОЖЕНИЯ | F4: Кол-во | G4: 💎 Итого | I4: 🤝 СОЦИУМ И РЕАКЦИИ | J4: Кол-во | K4: 💎 Итого | M4: Медиа | N4: =SUM(G6,G7,G8,G9,G10,G11,G12,G15,G16,G17,G20,G21,G22,G23,G24,G25) -> 0.144
A5: 🔹 БАЗА | E5: 🔹 БАЗА | I5: 🔹 БАЗА | M5: Социум | N5: =SUM(K6,K7,K8,K9,K12,K13,K14,K15,K18,K19,K20,K21,K24,K25) -> 10.128
A6: ='Настройки (Коэффициенты)'!A5 -> Текст (сообщение) | B6: 380 | C6: =B6 * 'Настройки (Коэффициенты)'!B5 * 'Настройки (Коэффициенты)'!$D$1 -> 0.76 | E6: ='Настройки (Коэффициенты)'!E5 -> Фото(+) | F6: 1 | G6: =F6 * 'Настройки (Коэффициенты)'!F5 * 'Настройки (Коэффициенты)'!$D$1 -> 0.012 | I6: ='Настройки (Коэффициенты)'!I5 -> Ответ (ты ответил) | J6: 307 | K6: =J6 * 'Настройки (Коэффициенты)'!J5 * 'Настройки (Коэффициенты)'!$D$1 -> 0.614
A7: ='Настройки (Коэффициенты)'!A6 -> Эмодзи (без текста) | B7: 75 | C7: =B7 * 'Настройки (Коэффициенты)'!B6 * 'Настройки (Коэффициенты)'!$D$1 -> 0.15 | E7: ='Настройки (Коэффициенты)'!E6 -> Фото (2+ в спец. ветке)(+) | F7: 0 | G7: =F7 * 'Настройки (Коэффициенты)'!F6 * 'Настройки (Коэффициенты)'!$D$1 -> 0 | I7: ='Настройки (Коэффициенты)'!I6 -> Ответ (тебе ответили) | J7: 323 | K7: =J7 * 'Настройки (Коэффициенты)'!J6 * 'Настройки (Коэффициенты)'!$D$1 -> 0.646
E8: ='Настройки (Коэффициенты)'!E7 -> Видео обычное(+) | F8: 0 | G8: =F8 * 'Настройки (Коэффициенты)'!F7 * 'Настройки (Коэффициенты)'!$D$1 -> 0 | I8: ='Настройки (Коэффициенты)'!I7 -> Лайк (ты поставил)(+) | J8: 16 | K8: =J8 * 'Настройки (Коэффициенты)'!J7 * 'Настройки (Коэффициенты)'!$D$1 -> 0.032
A9: 🔥 КОМБО | E9: ='Настройки (Коэффициенты)'!E8 -> Видео кружок ( не считывается ) | F9: 2 | G9: =F9 * 'Настройки (Коэффициенты)'!F8 * 'Настройки (Коэффициенты)'!$D$1 -> 0.028 | I9: ='Настройки (Коэффициенты)'!I8 -> Лайк (тебе поставили) | J9: 96 | K9: =J9 * 'Настройки (Коэффициенты)'!J8 * 'Настройки (Коэффициенты)'!$D$1 -> 0.384
A10: ='Настройки (Коэффициенты)'!A9 -> Писатель (> 50 симв) | B10: 5 | C10: =B10 * 'Настройки (Коэффициенты)'!B9 * 'Настройки (Коэффициенты)'!$D$1 -> 0.2 | E10: ='Настройки (Коэффициенты)'!E9 -> Аудио / Ссылка ( не определяется )/(+) | F10: 0 | G10: =F10 * 'Настройки (Коэффициенты)'!F9 * 'Настройки (Коэффициенты)'!$D$1 -> 0
E11: ='Настройки (Коэффициенты)'!E10 -> Голосовое (Voice)( +) | F11: 4 | G11: =F11 * 'Настройки (Коэффициенты)'!F10 * 'Настройки (Коэффициенты)'!$D$1 -> 0.024 | I11: 🔥 КОМБО
A12: 🚀 СПРИНТЫ | E12: ='Настройки (Коэффициенты)'!E11 -> GIF-анимация(+) | G12: =F12 * 'Настройки (Коэффициенты)'!F11 * 'Настройки (Коэффициенты)'!$D$1 -> 0 | I12: ='Настройки (Коэффициенты)'!I11 -> Острый язычок (>2 репостов) | J12: 1 | K12: =J12 * 'Настройки (Коэффициенты)'!J11 * 'Настройки (Коэффициенты)'!$D$1 -> 0.012
A13: ='Настройки (Коэффициенты)'!A12 -> Основа чата (10 сообщ) | B13: 10 | C13: =B13 * 'Настройки (Коэффициенты)'!B12 * 'Настройки (Коэффициенты)'!$D$1 -> 1 | I13: ='Настройки (Коэффициенты)'!I12 -> Вирусный пост (>2 лайков)(+) | J13: 0 | K13: =J13 * 'Настройки (Коэффициенты)'!J12 * 'Настройки (Коэффициенты)'!$D$1 -> 0
A14: ='Настройки (Коэффициенты)'!A13 -> Эмоциональный (10 эмодзи) | B14: 0 | C14: =B14 * 'Настройки (Коэффициенты)'!B13 * 'Настройки (Коэффициенты)'!$D$1 -> 0 | E14: 🔥 КОМБО | I14: ='Настройки (Коэффициенты)'!I13 -> Хит (4 лайка)(+) | J14: 0 | K14: =J14 * 'Настройки (Коэффициенты)'!J13 * 'Настройки (Коэффициенты)'!$D$1 -> 0
E15: ='Настройки (Коэффициенты)'!E14 -> Иллюстратор (Текст+Фото) | F15: 1 | G15: =F15 * 'Настройки (Коэффициенты)'!F14 * 'Настройки (Коэффициенты)'!$D$1 -> 0.08 | I15: ='Настройки (Коэффициенты)'!I14 -> Легенда (6+ лайков)(+) | J15: 96 | K15: =J15 * 'Настройки (Коэффициенты)'!J14 * 'Настройки (Коэффициенты)'!$D$1 -> 3.84
A16: ⛔ ШТРАФЫ | E16: ='Настройки (Коэффициенты)'!E15 -> Рецензент (Видео+Текст) | F16: 0 | G16: =F16 * 'Настройки (Коэффициенты)'!F15 * 'Настройки (Коэффициенты)'!$D$1 -> 0
A17: ='Настройки (Коэффициенты)'!A16 -> Копипаст | B17: 0 | C17: =B17 * 'Настройки (Коэффициенты)'!B16 * 'Настройки (Коэффициенты)'!$D$1 -> 0 | E17: ='Настройки (Коэффициенты)'!E16 -> Диджей (Плейлист) | F17: 0 | G17: =F17 * 'Настройки (Коэффициенты)'!F16 * 'Настройки (Коэффициенты)'!$D$1 -> 0 | I17: 🚀 СПРИНТЫ
I18: ='Настройки (Коэффициенты)'!I17 -> Болтун (20 твоих ответов) | J18: 20 | K18: =J18 * 'Настройки (Коэффициенты)'!J17 * 'Настройки (Коэффициенты)'!$D$1 -> 1.6
E19: 🚀 СПРИНТЫ | I19: ='Настройки (Коэффициенты)'!I18 -> Центр (20 ответов тебе) | J19: 20 | K19: =J19 * 'Настройки (Коэффициенты)'!J18 * 'Настройки (Коэффициенты)'!$D$1 -> 2
E20: ='Настройки (Коэффициенты)'!E19 -> Фотограф (3+ фото) | F20: 0 | G20: =F20 * 'Настройки (Коэффициенты)'!F19 * 'Настройки (Коэффициенты)'!$D$1 -> 0 | I20: ='Настройки (Коэффициенты)'!I19 -> Щедрая душа (5 лайков)(+) | J20: 5 | K20: =J20 * 'Настройки (Коэффициенты)'!J19 * 'Настройки (Коэффициенты)'!$D$1 -> 0.2
E21: ='Настройки (Коэффициенты)'!E20 -> Режиссер (2 видео) | F21: 0 | G21: =F21 * 'Настройки (Коэффициенты)'!F20 * 'Настройки (Коэффициенты)'!$D$1 -> 0 | I21: ='Настройки (Коэффициенты)'!I20 -> Любимчик (10 лайков тебе) | J21: 10 | K21: =J21 * 'Настройки (Коэффициенты)'!J20 * 'Настройки (Коэффициенты)'!$D$1 -> 0.8
E22: ='Настройки (Коэффициенты)'!E21 -> Лицом торгуешь (5 кружков) | F22: 0 | G22: =F22 * 'Настройки (Коэффициенты)'!F21 * 'Настройки (Коэффициенты)'!$D$1 -> 0
E23: ='Настройки (Коэффициенты)'!E22 -> Меломан (5 треков) | F23: 0 | G23: =F23 * 'Настройки (Коэффициенты)'!F22 * 'Настройки (Коэффициенты)'!$D$1 -> 0 | I23: ⛔ ШТРАФЫ
E24: ='Настройки (Коэффициенты)'!E23 -> Радио (4 войса) | F24: 0 | G24: =F24 * 'Настройки (Коэффициенты)'!F23 * 'Настройки (Коэффициенты)'!$D$1 -> 0 | I24: ='Настройки (Коэффициенты)'!I23 -> Не в ту дверь (Нарушение) | J24: 0 | K24: =J24 * 'Настройки (Коэффициенты)'!J23 * 'Настройки (Коэффициенты)'!$D$1 -> 0
E25: ='Настройки (Коэффициенты)'!E24 -> Гифошная (10 гиф) | F25: 0 | G25: =F25 * 'Настройки (Коэффициенты)'!F24 * 'Настройки (Коэффициенты)'!$D$1 -> 0 | I25: ='Настройки (Коэффициенты)'!I24 -> Удаление (Токсик) | J25: 0 | K25: =J25 * 'Настройки (Коэффициенты)'!J24 * 'Настройки (Коэффициенты)'!$D$1 -> 0
