Workbook

Sheet Настройки
A1: ГЛОБАЛЬНАЯ БАЗА (1x) = | D1: 0.002 | E1: 💎 Пульсов | M1: ИВЕНТЫ (1 Сезон - Биомы: Неслыханные легенды)
A3: 📝 ТЕКСТ И ОБЩЕНИЕ | B3: Коэф. (x) | C3: Частота | E3: 📷 МЕДИА И ВЛОЖЕНИЯ | F3: Коэф. (x) | G3: Частота | I3: 🤝 СОЦИУМ И РЕАКЦИИ | J3: Коэф. (x) | K3: Частота | M3: 🌍 БИОМЫ К ЭТОМУ ИВЕНТУ | N3: Коэф. (x) | O3: Частота
A4: 🔹 БАЗА | E4: 🔹 БАЗА | I4: 🔹 БАЗА | M4: 🟢 ПРОСТЫЕ
A5: Текст (сообщение) | B5: 1 | C5: - | E5: Фото | F5: 4 | G5: - | I5: Ответ (ты ответил) | J5: 1 | K5: - | M5: Без спойлеров (КиноON) | N5: 1000 | O5: 12 часов
A6: Эмодзи (без текста) | B6: 1 | C6: - | E6: Фото (2+ в спец. ветке) | F6: 6 | G6: - | I6: Ответ (тебе ответили) | J6: 1 | K6: - | M6: Организатор (Встречи) | N6: 1500 | O6: 24 часа
E7: Видео обычное | F7: 5 | G7: - | I7: Лайк (ты поставил) | J7: 1 | K7: -
A8: 🔥 КОМБО | E8: Видео кружок | F8: 7 | G8: - | I8: Лайк (тебе поставили) | J8: 2 | K8: - | M8: 🔵 СРЕДНИЕ
A9: Писатель (> 50 симв) | B9: 10 | C9: 24 часа | E9: Аудио / Ссылка | F9: 2 | G9: - | M9: Сбор Пати (ЗадротыON) | N9: 4000 | O9: 24 часа
E10: Голосовое (Voice) | F10: 3 | G10: - | I10: 🔥 КОМБО | M10: Журналист (НьюзON) | N10: 5000 | O10: 12 часов
A11: 🚀 СПРИНТЫ | E11: GIF-анимация | F11: 1 | G11: - | I11: Острый язычок (>2 репостов) | J11: 3 | K11: 24 часа
A12: Основа чата (10 сообщ) | B12: 25 | C12: 24 часа | I12: Вирусный пост (>2 лайков) | J12: 2 | K12: 24 часа | M12: 🟣 СЛОЖНЫЕ
A13: Эмоциональный (10 эмодзи) | B13: 10 | C13: 24 часа | E13: 🔥 КОМБО | I13: Хит (4 лайка) | J13: 5 | K13: 24 часа | M13: Ночной Дозор (ПлюсON) | N13: 12500 | O13: 24 часа
E14: Иллюстратор (Текст+Фото) | F14: 20 | G14: 24 часа | I14: Легенда (6+ лайков) | J14: 10 | K14: 24 часа | M14: «Амбассадор Любви» | N14: 10000 | O14: 12 часов
A15: 🎁 СЕКРЕТЫ (Пасхалки) | E15: Рецензент (Видео+Текст) | F15: 20 | G15: 24 часа
A16: Магия чисел (11:11 и т.д.) | B16: 5500 | C16: 24 часа | E16: Диджей (Плейлист) | F16: 15 | G16: 24 часа | I16: 🚀 СПРИНТЫ | M16: 🟡 ЛЕГЕНДАРНЫЕ
A17: Ранняя пташка (05:00) | B17: 7500 | C17: 24 часа | I17: Болтун (20 твоих ответов) | J17: 20 | K17: 1 час | M17: Резонанс Толпы (5 одинак. эмодзи) | N17: 25000 | O17: Рандом
A18: Лев Толстой (>1000 симв) | B18: 15000 | C18: 24 часа | E18: 🚀 СПРИНТЫ | I18: Центр (20 ответов тебе) | J18: 25 | K18: 12 часов | M18: Разрыв Интернета (15 лайков) | N18: 75000 | O18: -
A19: Юбилейное сообщение | B19: 25000 | C19: 24 часа | E19: Фотограф (3+ фото) | F19: 20 | G19: 24 часа | I19: Щедрая душа (5 лайков) | J19: 10 | K19: 1 час
A20: Резонанс (Секретное слово) | B20: 15000 | C20: Рандом | E20: Режиссер (2 видео) | F20: 70 | G20: 24 часа | I20: Любимчик (10 лайков тебе) | J20: 20 | K20: 1 час | M20: 🐸 ИВЕНТЫ
A21: Критический удар (Шанс 2%) | B21: 5000 | C21: Рандом | E21: Лицом торгуешь (5 кружков) | F21: 30 | G21: 12 часов | M21: Поимка Золотой Лягушки | N21: 25000 | O21: Рандом
A22: Амбассадор вежливости | B22: 100 | C22: 1 час | E22: Меломан (5 треков) | F22: 60 | G22: 24 часа | I22: 🎁 СЕКРЕТЫ (Пасхалки)
E23: Радио (4 войса) | F23: 10 | G23: 1 час | I23: Хлеб-соль (Ответ новичку) | J23: 12500 | K23: 24 часа
A24: ⛔ ШТРАФЫ | E24: Гифошная (10 гиф) | F24: 15 | G24: 1 час | I24: Пинг-понг (Ответ < 10 сек) | J24: 2500 | K24: 1 час
A25: Копипаст | B25: -25000 | C25: - | I25: Некромант (Ответ на пост >48ч) | J25: 10000 | K25: 12 часов
I27: ⛔ ШТРАФЫ
I28: Не в ту дверь (Нарушение) | J28: -25000 | K28: -
I29: Удаление (Токсик) | J29: -50000 | K29: -

Sheet Симулятор
A1: ИТОГО ЗА ДЕНЬ: | C1: =SUM(R3:R6) -> 0
Q2: Сектор | R2: Заработано
Q3: Текст | R3: =SUM(C6,C7,C10,C13,C14,C17,C18,C19,C20,C21,C22,C23,C26) -> 0
A4: 📝 ТЕКСТ И ОБЩЕНИЕ | B4: Кол-во | C4: 💎 Итого | E4: 📷 МЕДИА И ВЛОЖЕНИЯ | F4: Кол-во | G4: 💎 Итого | I4: 🤝 СОЦИУМ И РЕАКЦИИ | J4: Кол-во | K4: 💎 Итого | M4: 🌍 БИОМЫ И ИВЕНТЫ | N4: Кол-во | O4: 💎 Итого | Q4: Медиа | R4: =SUM(G6,G7,G8,G9,G10,G11,G12,G15,G16,G17,G20,G21,G22,G23,G24,G25) -> 0
A5: 🔹 БАЗА | E5: 🔹 БАЗА | I5: 🔹 БАЗА | M5: 🟢 ПРОСТЫЕ | Q5: Социум | R5: =SUM(K6,K7,K8,K9,K12,K13,K14,K15,K18,K19,K20,K21,K24,K25,K26,K29,K30) -> 0
A6: =Настройки!A5 -> Текст (сообщение) | B6: 0 | C6: =B6 * Настройки!B5 * Настройки!$D$1 -> 0 | E6: =Настройки!E5 -> Фото | F6: 0 | G6: =F6 * Настройки!F5 * Настройки!$D$1 -> 0 | I6: =Настройки!I5 -> Ответ (ты ответил) | J6: 0 | K6: =J6 * Настройки!J5 * Настройки!$D$1 -> 0 | M6: =Настройки!M5 -> Без спойлеров (КиноON) | N6: 0 | O6: =N6 * Настройки!N5 * Настройки!$D$1 -> 0 | Q6: Биомы | R6: =SUM(O6,O7,O10,O11,O14,O15,O18,O19,O22) -> 0
A7: =Настройки!A6 -> Эмодзи (без текста) | B7: 0 | C7: =B7 * Настройки!B6 * Настройки!$D$1 -> 0 | E7: =Настройки!E6 -> Фото (2+ в спец. ветке) | F7: 0 | G7: =F7 * Настройки!F6 * Настройки!$D$1 -> 0 | I7: =Настройки!I6 -> Ответ (тебе ответили) | J7: 0 | K7: =J7 * Настройки!J6 * Настройки!$D$1 -> 0 | M7: =Настройки!M6 -> Организатор (Встречи) | N7: 0 | O7: =N7 * Настройки!N6 * Настройки!$D$1 -> 0
E8: =Настройки!E7 -> Видео обычное | F8: 0 | G8: =F8 * Настройки!F7 * Настройки!$D$1 -> 0 | I8: =Настройки!I7 -> Лайк (ты поставил) | J8: 0 | K8: =J8 * Настройки!J7 * Настройки!$D$1 -> 0
A9: 🔥 КОМБО | E9: =Настройки!E8 -> Видео кружок | F9: 0 | G9: =F9 * Настройки!F8 * Настройки!$D$1 -> 0 | I9: =Настройки!I8 -> Лайк (тебе поставили) | J9: 0 | K9: =J9 * Настройки!J8 * Настройки!$D$1 -> 0 | M9: 🔵 СРЕДНИЕ
A10: =Настройки!A9 -> Писатель (> 50 симв) | B10: 0 | C10: =B10 * Настройки!B9 * Настройки!$D$1 -> 0 | E10: =Настройки!E9 -> Аудио / Ссылка | F10: 0 | G10: =F10 * Настройки!F9 * Настройки!$D$1 -> 0 | M10: =Настройки!M9 -> Сбор Пати (ЗадротыON) | N10: 0 | O10: =N10 * Настройки!N9 * Настройки!$D$1 -> 0
E11: =Настройки!E10 -> Голосовое (Voice) | F11: 0 | G11: =F11 * Настройки!F10 * Настройки!$D$1 -> 0 | I11: 🔥 КОМБО | M11: =Настройки!M10 -> Журналист (НьюзON) | N11: 0 | O11: =N11 * Настройки!N10 * Настройки!$D$1 -> 0
A12: 🚀 СПРИНТЫ | E12: =Настройки!E11 -> GIF-анимация | F12: 0 | G12: =F12 * Настройки!F11 * Настройки!$D$1 -> 0 | I12: =Настройки!I11 -> Острый язычок (>2 репостов) | J12: 0 | K12: =J12 * Настройки!J11 * Настройки!$D$1 -> 0
A13: =Настройки!A12 -> Основа чата (10 сообщ) | B13: 0 | C13: =B13 * Настройки!B12 * Настройки!$D$1 -> 0 | I13: =Настройки!I12 -> Вирусный пост (>2 лайков) | J13: 0 | K13: =J13 * Настройки!J12 * Настройки!$D$1 -> 0 | M13: 🟣 СЛОЖНЫЕ
A14: =Настройки!A13 -> Эмоциональный (10 эмодзи) | B14: 0 | C14: =B14 * Настройки!B13 * Настройки!$D$1 -> 0 | E14: 🔥 КОМБО | I14: =Настройки!I13 -> Хит (4 лайка) | J14: 0 | K14: =J14 * Настройки!J13 * Настройки!$D$1 -> 0 | M14: =Настройки!M13 -> Ночной Дозор (ПлюсON) | N14: 0 | O14: =N14 * Настройки!N13 * Настройки!$D$1 -> 0
E15: =Настройки!E14 -> Иллюстратор (Текст+Фото) | F15: 0 | G15: =F15 * Настройки!F14 * Настройки!$D$1 -> 0 | I15: =Настройки!I14 -> Легенда (6+ лайков) | J15: 0 | K15: =J15 * Настройки!J14 * Настройки!$D$1 -> 0 | M15: =Настройки!M14 -> «Амбассадор Любви» | N15: 0 | O15: =N15 * Настройки!N14 * Настройки!$D$1 -> 0
A16: 🎁 СЕКРЕТЫ (Пасхалки) | E16: =Настройки!E15 -> Рецензент (Видео+Текст) | F16: 0 | G16: =F16 * Настройки!F15 * Настройки!$D$1 -> 0
A17: =Настройки!A16 -> Магия чисел (11:11 и т.д.) | B17: 0 | C17: =B17 * Настройки!B16 * Настройки!$D$1 -> 0 | E17: =Настройки!E16 -> Диджей (Плейлист) | F17: 0 | G17: =F17 * Настройки!F16 * Настройки!$D$1 -> 0 | I17: 🚀 СПРИНТЫ | M17: 🟡 ЛЕГЕНДАРНЫЕ
A18: =Настройки!A17 -> Ранняя пташка (05:00) | B18: 0 | C18: =B18 * Настройки!B17 * Настройки!$D$1 -> 0 | I18: =Настройки!I17 -> Болтун (20 твоих ответов) | J18: 0 | K18: =J18 * Настройки!J17 * Настройки!$D$1 -> 0 | M18: =Настройки!M17 -> Резонанс Толпы (5 одинак. эмодзи) | N18: 0 | O18: =N18 * Настройки!N17 * Настройки!$D$1 -> 0
A19: =Настройки!A18 -> Лев Толстой (>1000 симв) | B19: 0 | C19: =B19 * Настройки!B18 * Настройки!$D$1 -> 0 | E19: 🚀 СПРИНТЫ | I19: =Настройки!I18 -> Центр (20 ответов тебе) | J19: 0 | K19: =J19 * Настройки!J18 * Настройки!$D$1 -> 0 | M19: =Настройки!M18 -> Разрыв Интернета (15 лайков) | N19: 0 | O19: =N19 * Настройки!N18 * Настройки!$D$1 -> 0
A20: =Настройки!A19 -> Юбилейное сообщение | B20: 0 | C20: =B20 * Настройки!B19 * Настройки!$D$1 -> 0 | E20: =Настройки!E19 -> Фотограф (3+ фото) | F20: 0 | G20: =F20 * Настройки!F19 * Настройки!$D$1 -> 0 | I20: =Настройки!I19 -> Щедрая душа (5 лайков) | J20: 0 | K20: =J20 * Настройки!J19 * Настройки!$D$1 -> 0
A21: =Настройки!A20 -> Резонанс (Секретное слово) | B21: 0 | C21: =B21 * Настройки!B20 * Настройки!$D$1 -> 0 | E21: =Настройки!E20 -> Режиссер (2 видео) | F21: 0 | G21: =F21 * Настройки!F20 * Настройки!$D$1 -> 0 | I21: =Настройки!I20 -> Любимчик (10 лайков тебе) | J21: 0 | K21: =J21 * Настройки!J20 * Настройки!$D$1 -> 0 | M21: 🐸 ИВЕНТЫ
A22: =Настройки!A21 -> Критический удар (Шанс 2%) | B22: 0 | C22: =B22 * Настройки!B21 * Настройки!$D$1 -> 0 | E22: =Настройки!E21 -> Лицом торгуешь (5 кружков) | F22: 0 | G22: =F22 * Настройки!F21 * Настройки!$D$1 -> 0 | M22: =Настройки!M21 -> Поимка Золотой Лягушки | N22: 0 | O22: =N22 * Настройки!N21 * Настройки!$D$1 -> 0
A23: =Настройки!A22 -> Амбассадор вежливости | B23: 0 | C23: =B23 * Настройки!B22 * Настройки!$D$1 -> 0 | E23: =Настройки!E22 -> Меломан (5 треков) | F23: 0 | G23: =F23 * Настройки!F22 * Настройки!$D$1 -> 0 | I23: 🎁 СЕКРЕТЫ (Пасхалки)
E24: =Настройки!E23 -> Радио (4 войса) | F24: 0 | G24: =F24 * Настройки!F23 * Настройки!$D$1 -> 0 | I24: =Настройки!I23 -> Хлеб-соль (Ответ новичку) | J24: 0 | K24: =J24 * Настройки!J23 * Настройки!$D$1 -> 0
A25: ⛔ ШТРАФЫ | E25: =Настройки!E24 -> Гифошная (10 гиф) | F25: 0 | G25: =F25 * Настройки!F24 * Настройки!$D$1 -> 0 | I25: =Настройки!I24 -> Пинг-понг (Ответ < 10 сек) | J25: 0 | K25: =J25 * Настройки!J24 * Настройки!$D$1 -> 0
A26: =Настройки!A25 -> Копипаст | B26: 0 | C26: =B26 * Настройки!B25 * Настройки!$D$1 -> 0 | I26: =Настройки!I25 -> Некромант (Ответ на пост >48ч) | J26: 0 | K26: =J26 * Настройки!J25 * Настройки!$D$1 -> 0
I28: ⛔ ШТРАФЫ
I29: =Настройки!I28 -> Не в ту дверь (Нарушение) | J29: 0 | K29: =J29 * Настройки!J28 * Настройки!$D$1 -> 0
I30: =Настройки!I29 -> Удаление (Токсик) | J30: 0 | K30: =J30 * Настройки!J29 * Настройки!$D$1 -> 0
